epoch,train_loss,validation_loss,validation_accuracy,validation_f1_macro
1,3.8164159326310196,3.7793678789822316,0.048919226393629126,0.00198458485254073
2,3.7287270955255956,3.551205738141404,0.10693970420932879,0.01997856680064586
3,3.498900739059232,3.27202943540406,0.13879408418657566,0.040258850624908804
4,3.2752988615387224,2.9042170904873443,0.19681456200227532,0.10443421663889844
5,3.0447311955200713,2.579741491256992,0.28782707622298065,0.16520248454501288
6,2.8595724686684756,2.313433602672659,0.3583617747440273,0.27306847144355345
7,2.6755800868566584,2.24096807278057,0.391353811149033,0.2852311719932293
8,2.5470054352249707,1.929054879626859,0.45051194539249145,0.3677567685366386
9,2.4263596332106983,1.783215468789666,0.5051194539249146,0.40793437050200754
10,2.322773133729065,1.7503215092169682,0.48464163822525597,0.42465675919689716
