id_clase,etiqueta_dataset,significado,fuente,estado
0,0,Caracter alfanumerico no identificado,data/dataset/data.yaml,requiere mapeo validado
1,1,Caracter alfanumerico no identificado,data/dataset/data.yaml,requiere mapeo validado
2,2,Caracter alfanumerico no identificado,data/dataset/data.yaml,requiere mapeo validado
3,3,Caracter alfanumerico no identificado,data/dataset/data.yaml,requiere mapeo validado
4,4,Caracter alfanumerico no identificado,data/dataset/data.yaml,requiere mapeo validado
5,5,Caracter alfanumerico no identificado,data/dataset/data.yaml,requiere mapeo validado
6,6,Caracter alfanumerico no identificado,data/dataset/data.yaml,requiere mapeo validado
7,7,Caracter alfanumerico no identificado,data/dataset/data.yaml,requiere mapeo validado
8,8,Caracter alfanumerico no identificado,data/dataset/data.yaml,requiere mapeo validado
9,9,Caracter alfanumerico no identificado,data/dataset/data.yaml,requiere mapeo validado
10,10,Caracter alfanumerico no identificado,data/dataset/data.yaml,requiere mapeo validado
11,11,Caracter alfanumerico no identificado,data/dataset/data.yaml,requiere mapeo validado
12,12,Caracter alfanumerico no identificado,data/dataset/data.yaml,requiere mapeo validado
13,13,Caracter alfanumerico no identificado,data/dataset/data.yaml,requiere mapeo validado
14,14,Caracter alfanumerico no identificado,data/dataset/data.yaml,requiere mapeo validado
15,15,Caracter alfanumerico no identificado,data/dataset/data.yaml,requiere mapeo validado
16,16,Caracter alfanumerico no identificado,data/dataset/data.yaml,requiere mapeo validado
17,17,Caracter alfanumerico no identificado,data/dataset/data.yaml,requiere mapeo validado
18,18,Caracter alfanumerico no identificado,data/dataset/data.yaml,requiere mapeo validado
19,19,Caracter alfanumerico no identificado,data/dataset/data.yaml,requiere mapeo validado
20,20,Caracter alfanumerico no identificado,data/dataset/data.yaml,requiere mapeo validado
21,21,Caracter alfanumerico no identificado,data/dataset/data.yaml,requiere mapeo validado
22,22,Caracter alfanumerico no identificado,data/dataset/data.yaml,requiere mapeo validado
23,23,Caracter alfanumerico no identificado,data/dataset/data.yaml,requiere mapeo validado
24,24,Caracter alfanumerico no identificado,data/dataset/data.yaml,requiere mapeo validado
25,25,Caracter alfanumerico no identificado,data/dataset/data.yaml,requiere mapeo validado
26,26,Caracter alfanumerico no identificado,data/dataset/data.yaml,requiere mapeo validado
27,27,Caracter alfanumerico no identificado,data/dataset/data.yaml,requiere mapeo validado
28,28,Caracter alfanumerico no identificado,data/dataset/data.yaml,requiere mapeo validado
29,29,Caracter alfanumerico no identificado,data/dataset/data.yaml,requiere mapeo validado
30,30,Caracter alfanumerico no identificado,data/dataset/data.yaml,requiere mapeo validado
31,31,Caracter alfanumerico no identificado,data/dataset/data.yaml,requiere mapeo validado
32,32,Caracter alfanumerico no identificado,data/dataset/data.yaml,requiere mapeo validado
33,33,Caracter alfanumerico no identificado,data/dataset/data.yaml,requiere mapeo validado
34,34,Caracter alfanumerico no identificado,data/dataset/data.yaml,requiere mapeo validado
35,35,Caracter alfanumerico no identificado,data/dataset/data.yaml,requiere mapeo validado
36,36,Caracter alfanumerico no identificado,data/dataset/data.yaml,requiere mapeo validado
37,37,Caracter alfanumerico no identificado,data/dataset/data.yaml,requiere mapeo validado
38,38,Caracter alfanumerico no identificado,data/dataset/data.yaml,requiere mapeo validado
39,39,Caracter alfanumerico no identificado,data/dataset/data.yaml,requiere mapeo validado
40,40,Caracter alfanumerico no identificado,data/dataset/data.yaml,requiere mapeo validado
41,41,Caracter alfanumerico no identificado,data/dataset/data.yaml,requiere mapeo validado
42,42,Caracter alfanumerico no identificado,data/dataset/data.yaml,requiere mapeo validado
43,43,Caracter alfanumerico no identificado,data/dataset/data.yaml,requiere mapeo validado
44,44,Caracter alfanumerico no identificado,data/dataset/data.yaml,requiere mapeo validado
45,45,Caracter alfanumerico no identificado,data/dataset/data.yaml,requiere mapeo validado
46,46,Caracter alfanumerico no identificado,data/dataset/data.yaml,requiere mapeo validado
47,47,Caracter alfanumerico no identificado,data/dataset/data.yaml,requiere mapeo validado
48,48,Caracter alfanumerico no identificado,data/dataset/data.yaml,requiere mapeo validado
49,49,Caracter alfanumerico no identificado,data/dataset/data.yaml,requiere mapeo validado
